year,quarter,eps_diluted
2011,Q4,0.3920187762752835
2012,Q1,0.39674090771535064
2012,Q2,0.21928911301137435
2012,Q3,0.10609830698090862
2012,Q4,0.011998524670304943
2013,Q1,0.003753388497214613
2013,Q2,0.22040199550073958
2013,Q3,0.4128992492061762
2013,Q4,0.5933022745330628
2014,Q1,0.7517385121940912
2014,Q2,0.9211306466700668
2014,Q3,1.057854707835543
2014,Q4,1.1023327602024489
2015,Q1,1.0367974346693183
2015,Q2,0.9865924767678725
2015,Q3,0.9947097622026254
2015,Q4,1.2885131156204028
2016,Q1,1.627770609023392
2016,Q2,2.079016096930081
2016,Q3,2.577726034291346
2016,Q4,3.2494196078956614
2017,Q1,3.7703870179083836
2017,Q2,4.386413522249342
2017,Q3,5.167099682833162
2017,Q4,5.3974886789815
2018,Q1,6.050445975799985
2018,Q2,6.470893138672229
2018,Q3,6.638538605519319
2018,Q4,7.578333407873362
2019,Q1,6.731251700186071
2019,Q2,5.901164886790055
2019,Q3,6.260510746219422
2019,Q4,6.435630645477253
2020,Q1,7.2981992077013444
2020,Q2,8.186827324348128
2020,Q3,8.781421278132182
2020,Q4,10.099769206953113
2021,Q1,11.68584524085565
2021,Q2,13.4973045530801
2021,Q3,13.99917446354629
2021,Q4,13.795617867500946
2022,Q1,13.222802166434288
2022,Q2,12.077600809455232
2022,Q3,10.497444230546744
2022,Q4,8.585038826019153
2023,Q1,8.061726014635653
2023,Q2,8.57855017644745
2023,Q3,11.328735729139412
2023,Q4,14.896272311695007
2024,Q1,17.409119769322125
2024,Q2,19.586500323557512
2024,Q3,21.234507779940586
2024,Q4,23.87654088044358
2025,Q1,25.590795706698408
2025,Q2,27.566811330533703
2025,Q3,22.586231117589566
2025,Q4,23.459917067786613
